date,נושא,calls_pred
2025-04-27,אי החזרת פחים למקום,1.2777239
2025-04-28,אי החזרת פחים למקום,1.2198936
2025-04-29,אי החזרת פחים למקום,1.2391398
2025-04-30,אי החזרת פחים למקום,1.248791
2025-05-01,אי החזרת פחים למקום,1.184726
2025-05-02,אי החזרת פחים למקום,1.09734
2025-05-03,אי החזרת פחים למקום,1.0342058
2025-05-04,אי החזרת פחים למקום,1.2784683
2025-05-05,אי החזרת פחים למקום,1.1992687
2025-05-06,אי החזרת פחים למקום,1.2205521
2025-05-07,אי החזרת פחים למקום,1.2219784
2025-05-08,אי החזרת פחים למקום,1.184726
2025-05-09,אי החזרת פחים למקום,1.09734
2025-05-10,אי החזרת פחים למקום,1.0342058
2025-04-27,אספקת פחים,1.0361454
2025-04-28,אספקת פחים,1.0043948
2025-04-29,אספקת פחים,1.0119867
2025-04-30,אספקת פחים,1.0189186
2025-05-01,אספקת פחים,0.9732103
2025-05-02,אספקת פחים,0.9666796
2025-05-03,אספקת פחים,0.9772537
2025-05-04,אספקת פחים,1.0320704
2025-05-05,אספקת פחים,0.9906472
2025-05-06,אספקת פחים,0.98355544
2025-05-07,אספקת פחים,1.0065428
2025-05-08,אספקת פחים,0.9732103
2025-05-09,אספקת פחים,0.9666796
2025-05-10,אספקת פחים,0.9772537
2025-04-27,ארועים חריגים,0.93548036
2025-04-28,ארועים חריגים,0.91671026
2025-04-29,ארועים חריגים,0.9410633
2025-04-30,ארועים חריגים,0.91991293
2025-05-01,ארועים חריגים,0.95254546
2025-05-02,ארועים חריגים,0.9973789
2025-05-03,ארועים חריגים,1.0204506
2025-05-04,ארועים חריגים,0.9823499
2025-05-05,ארועים חריגים,0.94996464
2025-05-06,ארועים חריגים,0.967773
2025-05-07,ארועים חריגים,0.94830835
2025-05-08,ארועים חריגים,0.95254546
2025-05-09,ארועים חריגים,0.9973789
2025-05-10,ארועים חריגים,1.0204506
2025-04-27,בירוקרטיה,0.9202067
2025-04-28,בירוקרטיה,0.90529794
2025-04-29,בירוקרטיה,0.9334382
2025-04-30,בירוקרטיה,0.9109026
2025-05-01,בירוקרטיה,0.9344903
2025-05-02,בירוקרטיה,0.9899505
2025-05-03,בירוקרטיה,1.0111983
2025-05-04,בירוקרטיה,0.95955694
2025-05-05,בירוקרטיה,0.9351991
2025-05-06,בירוקרטיה,0.9519528
2025-05-07,בירוקרטיה,0.93588316
2025-05-08,בירוקרטיה,0.9344903
2025-05-09,בירוקרטיה,0.9899505
2025-05-10,בירוקרטיה,1.0111983
2025-04-27,בעלי חיים,0.94821477
2025-04-28,בעלי חיים,0.92541265
2025-04-29,בעלי חיים,0.94147277
2025-04-30,בעלי חיים,0.9322897
2025-05-01,בעלי חיים,0.93788886
2025-05-02,בעלי חיים,0.9637569
2025-05-03,בעלי חיים,0.97357315
2025-05-04,בעלי חיים,0.97022533
2025-05-05,בעלי חיים,0.939838
2025-05-06,בעלי חיים,0.9502816
2025-05-07,בעלי חיים,0.94867206
2025-05-08,בעלי חיים,0.93788886
2025-05-09,בעלי חיים,0.9637569
2025-05-10,בעלי חיים,0.9735731
2025-04-27,גורמי חוץ,0.8921069
2025-04-28,גורמי חוץ,0.8797387
2025-04-29,גורמי חוץ,0.9024583
2025-04-30,גורמי חוץ,0.8871713
2025-05-01,גורמי חוץ,0.9018656
2025-05-02,גורמי חוץ,0.95471615
2025-05-03,גורמי חוץ,0.97498536
2025-05-04,גורמי חוץ,0.9220431
2025-05-05,גורמי חוץ,0.9052559
2025-05-06,גורמי חוץ,0.91614294
2025-05-07,גורמי חוץ,0.90588474
2025-05-08,גורמי חוץ,0.9018656
2025-05-09,גורמי חוץ,0.95471615
2025-05-10,גורמי חוץ,0.97498536
2025-04-27,גרוטאות,0.9384497
2025-04-28,גרוטאות,0.9030558
2025-04-29,גרוטאות,0.93957984
2025-04-30,גרוטאות,0.91617966
2025-05-01,גרוטאות,0.9346724
2025-05-02,גרוטאות,0.9508481
2025-05-03,גרוטאות,0.9691874
2025-05-04,גרוטאות,0.9669244
2025-05-05,גרוטאות,0.9265523
2025-05-06,גרוטאות,0.9543267
2025-05-07,גרוטאות,0.9370038
2025-05-08,גרוטאות,0.9346724
2025-05-09,גרוטאות,0.9508481
2025-05-10,גרוטאות,0.9691874
2025-04-27,דיווח על אי פינוי פחים,1.4233384
2025-04-28,דיווח על אי פינוי פחים,1.390976
2025-04-29,דיווח על אי פינוי פחים,1.4024706
2025-04-30,דיווח על אי פינוי פחים,1.429316
2025-05-01,דיווח על אי פינוי פחים,1.3336332
2025-05-02,דיווח על אי פינוי פחים,1.2598121
2025-05-03,דיווח על אי פינוי פחים,1.200921
2025-05-04,דיווח על אי פינוי פחים,1.3976895
2025-05-05,דיווח על אי פינוי פחים,1.3506383
2025-05-06,דיווח על אי פינוי פחים,1.3470771
2025-05-07,דיווח על אי פינוי פחים,1.3790419
2025-05-08,דיווח על אי פינוי פחים,1.3336332
2025-05-09,דיווח על אי פינוי פחים,1.2598121
2025-05-10,דיווח על אי פינוי פחים,1.200921
2025-04-27,הדברה כללית,1.368275
2025-04-28,הדברה כללית,1.3192853
2025-04-29,הדברה כללית,1.3406571
2025-04-30,הדברה כללית,1.3549353
2025-05-01,הדברה כללית,1.2681322
2025-05-02,הדברה כללית,1.1856391
2025-05-03,הדברה כללית,1.1237295
2025-05-04,הדברה כללית,1.3472006
2025-05-05,הדברה כללית,1.2828157
2025-05-06,הדברה כללית,1.2969009
2025-05-07,הדברה כללית,1.3085318
2025-05-08,הדברה כללית,1.2681322
2025-05-09,הדברה כללית,1.1856391
2025-05-10,הדברה כללית,1.1237295
2025-04-27,הדברת חרקים,1.2479901
2025-04-28,הדברת חרקים,1.1863494
2025-04-29,הדברת חרקים,1.2171092
2025-04-30,הדברת חרקים,1.2193675
2025-05-01,הדברת חרקים,1.1616979
2025-05-02,הדברת חרקים,1.068044
2025-05-03,הדברת חרקים,1.0062628
2025-05-04,הדברת חרקים,1.2531418
2025-05-05,הדברת חרקים,1.1678953
2025-05-06,הדברת חרקים,1.1986883
2025-05-07,הדברת חרקים,1.2007797
2025-05-08,הדברת חרקים,1.1616979
2025-05-09,הדברת חרקים,1.068044
2025-05-10,הדברת חרקים,1.0062628
2025-04-27,הורים,0.93690395
2025-04-28,הורים,0.9090152
2025-04-29,הורים,0.93999034
2025-04-30,הורים,0.9221523
2025-05-01,הורים,0.92903197
2025-05-02,הורים,0.9591292
2025-05-03,הורים,0.976215
2025-05-04,הורים,0.9607433
2025-05-05,הורים,0.92721605
2025-05-06,הורים,0.94781315
2025-05-07,הורים,0.93571484
2025-05-08,הורים,0.92903197
2025-05-09,הורים,0.9591292
2025-05-10,הורים,0.976215
2025-04-27,הנדסה - יצירת קשר,1.4037201
2025-04-28,הנדסה - יצירת קשר,1.3580825
2025-04-29,הנדסה - יצירת קשר,1.3828905
2025-04-30,הנדסה - יצירת קשר,1.3953438
2025-05-01,הנדסה - יצירת קשר,1.3109789
2025-05-02,הנדסה - יצירת קשר,1.2185981
2025-05-03,הנדסה - יצירת קשר,1.1518811
2025-05-04,הנדסה - יצירת קשר,1.3852915
2025-05-05,הנדסה - יצירת קשר,1.3228042
2025-05-06,הנדסה - יצירת קשר,1.3379116
2025-05-07,הנדסה - יצירת קשר,1.349358
2025-05-08,הנדסה - יצירת קשר,1.3109789
2025-05-09,הנדסה - יצירת קשר,1.218598
2025-05-10,הנדסה - יצירת קשר,1.1518811
2025-04-27,הסעות,1.0099711
2025-04-28,הסעות,0.97255343
2025-04-29,הסעות,1.0033212
2025-04-30,הסעות,0.9948852
2025-05-01,הסעות,0.96892333
2025-05-02,הסעות,0.9724256
2025-05-03,הסעות,0.98230326
2025-05-04,הסעות,1.0116032
2025-05-05,הסעות,0.9689184
2025-05-06,הסעות,0.9883797
2025-05-07,הסעות,0.98453784
2025-05-08,הסעות,0.96892333
2025-05-09,הסעות,0.9724256
2025-05-10,הסעות,0.98230326
2025-04-27,השלכת פסולת,1.1716937
2025-04-28,השלכת פסולת,1.1387706
2025-04-29,השלכת פסולת,1.1450654
2025-04-30,השלכת פסולת,1.1536545
2025-05-01,השלכת פסולת,1.0809582
2025-05-02,השלכת פסולת,1.02423
2025-05-03,השלכת פסולת,0.9951343
2025-05-04,השלכת פסולת,1.1481634
2025-05-05,השלכת פסולת,1.1072202
2025-05-06,השלכת פסולת,1.0997269
2025-05-07,השלכת פסולת,1.1214565
2025-05-08,השלכת פסולת,1.0809582
2025-05-09,השלכת פסולת,1.02423
2025-05-10,השלכת פסולת,0.9951343
2025-04-27,וטרינריה - יצירת קשר,0.9506452
2025-04-28,וטרינריה - יצירת קשר,0.92459023
2025-04-29,וטרינריה - יצירת קשר,0.9500826
2025-04-30,וטרינריה - יצירת קשר,0.9345866
2025-05-01,וטרינריה - יצירת קשר,0.95143855
2025-05-02,וטרינריה - יצירת קשר,0.9684705
2025-05-03,וטרינריה - יצירת קשר,0.9809859
2025-05-04,וטרינריה - יצירת קשר,0.9815239
2025-05-05,וטרינריה - יצירת קשר,0.9486722
2025-05-06,וטרינריה - יצירת קשר,0.96683675
2025-05-07,וטרינריה - יצירת קשר,0.9560878
2025-05-08,וטרינריה - יצירת קשר,0.95143855
2025-05-09,וטרינריה - יצירת קשר,0.9684705
2025-05-10,וטרינריה - יצירת קשר,0.9809859
2025-04-27,חופי ים,1.3215854
2025-04-28,חופי ים,1.2549181
2025-04-29,חופי ים,1.2902279
2025-04-30,חופי ים,1.2933385
2025-05-01,חופי ים,1.2256163
2025-05-02,חופי ים,1.1360588
2025-05-03,חופי ים,1.0725886
2025-05-04,חופי ים,1.318264
2025-05-05,חופי ים,1.2350752
2025-05-06,חופי ים,1.2695727
2025-05-07,חופי ים,1.2655051
2025-05-08,חופי ים,1.2256163
2025-05-09,חופי ים,1.1360592
2025-05-10,חופי ים,1.0725883
2025-04-27,חופי ים -  כללי,1.3537627
2025-04-28,חופי ים -  כללי,1.2922268
2025-04-29,חופי ים -  כללי,1.3217846
2025-04-30,חופי ים -  כללי,1.3285167
2025-05-01,חופי ים -  כללי,1.282581
2025-05-02,חופי ים -  כללי,1.181048
2025-05-03,חופי ים -  כללי,1.1134526
2025-05-04,חופי ים -  כללי,1.3788633
2025-05-05,חופי ים -  כללי,1.2895664
2025-05-06,חופי ים -  כללי,1.3169484
2025-05-07,חופי ים -  כללי,1.3145137
2025-05-08,חופי ים -  כללי,1.282581
2025-05-09,חופי ים -  כללי,1.181048
2025-05-10,חופי ים -  כללי,1.1134526
2025-04-27,חופי ים - איסור דיג,0.93590444
2025-04-28,חופי ים - איסור דיג,0.92957455
2025-04-29,חופי ים - איסור דיג,0.93760866
2025-04-30,חופי ים - איסור דיג,0.9411509
2025-05-01,חופי ים - איסור דיג,0.92205995
2025-05-02,חופי ים - איסור דיג,0.94399583
2025-05-03,חופי ים - איסור דיג,0.95865417
2025-05-04,חופי ים - איסור דיג,0.9509052
2025-05-05,חופי ים - איסור דיג,0.9218091
2025-05-06,חופי ים - איסור דיג,0.9363243
2025-05-07,חופי ים - איסור דיג,0.93030083
2025-05-08,חופי ים - איסור דיג,0.92205995
2025-05-09,חופי ים - איסור דיג,0.94399583
2025-05-10,חופי ים - איסור דיג,0.95865417
2025-04-27,חופי ים - בעיות תברואתיות,0.90301365
2025-04-28,חופי ים - בעיות תברואתיות,0.887267
2025-04-29,חופי ים - בעיות תברואתיות,0.9244672
2025-04-30,חופי ים - בעיות תברואתיות,0.8973421
2025-05-01,חופי ים - בעיות תברואתיות,0.92998064
2025-05-02,חופי ים - בעיות תברואתיות,0.9782016
2025-05-03,חופי ים - בעיות תברואתיות,1.005467
2025-05-04,חופי ים - בעיות תברואתיות,0.95410323
2025-05-05,חופי ים - בעיות תברואתיות,0.93052197
2025-05-06,חופי ים - בעיות תברואתיות,0.95533085
2025-05-07,חופי ים - בעיות תברואתיות,0.9338888
2025-05-08,חופי ים - בעיות תברואתיות,0.92998064
2025-05-09,חופי ים - בעיות תברואתיות,0.9782016
2025-05-10,חופי ים - בעיות תברואתיות,1.005467
2025-04-27,חופי ים - כללי,1.2567637
2025-04-28,חופי ים - כללי,1.1942041
2025-04-29,חופי ים - כללי,1.229812
2025-04-30,חופי ים - כללי,1.2297249
2025-05-01,חופי ים - כללי,1.1643214
2025-05-02,חופי ים - כללי,1.07418
2025-05-03,חופי ים - כללי,1.0208786
2025-05-04,חופי ים - כללי,1.2664629
2025-05-05,חופי ים - כללי,1.1738887
2025-05-06,חופי ים - כללי,1.2115412
2025-05-07,חופי ים - כללי,1.2098464
2025-05-08,חופי ים - כללי,1.1643214
2025-05-09,חופי ים - כללי,1.07418
2025-05-10,חופי ים - כללי,1.0208786
2025-04-27,חופי ים - סדר ציבורי,1.1845391
2025-04-28,חופי ים - סדר ציבורי,1.136796
2025-04-29,חופי ים - סדר ציבורי,1.167931
2025-04-30,חופי ים - סדר ציבורי,1.1496872
2025-05-01,חופי ים - סדר ציבורי,1.1504184
2025-05-02,חופי ים - סדר ציבורי,1.0673773
2025-05-03,חופי ים - סדר ציבורי,1.0049341
2025-05-04,חופי ים - סדר ציבורי,1.244228
2025-05-05,חופי ים - סדר ציבורי,1.1625397
2025-05-06,חופי ים - סדר ציבורי,1.1966193
2025-05-07,חופי ים - סדר ציבורי,1.1776993
2025-05-08,חופי ים - סדר ציבורי,1.1504184
2025-05-09,חופי ים - סדר ציבורי,1.0673773
2025-05-10,חופי ים - סדר ציבורי,1.0049336
2025-04-27,חופי ים - שוטטות בעלי חיים,0.9432535
2025-04-28,חופי ים - שוטטות בעלי חיים,0.922313
2025-04-29,חופי ים - שוטטות בעלי חיים,0.94121933
2025-04-30,חופי ים - שוטטות בעלי חיים,0.9277114
2025-05-01,חופי ים - שוטטות בעלי חיים,0.95669085
2025-05-02,חופי ים - שוטטות בעלי חיים,0.99262726
2025-05-03,חופי ים - שוטטות בעלי חיים,1.0059443
2025-05-04,חופי ים - שוטטות בעלי חיים,0.98860645
2025-05-05,חופי ים - שוטטות בעלי חיים,0.95573056
2025-05-06,חופי ים - שוטטות בעלי חיים,0.96722203
2025-05-07,חופי ים - שוטטות בעלי חיים,0.95735437
2025-05-08,חופי ים - שוטטות בעלי חיים,0.95669085
2025-05-09,חופי ים - שוטטות בעלי חיים,0.99262726
2025-05-10,חופי ים - שוטטות בעלי חיים,1.0059443
2025-04-27,חיות בר,1.3651464
2025-04-28,חיות בר,1.293736
2025-04-29,חיות בר,1.3114778
2025-04-30,חיות בר,1.3138794
2025-05-01,חיות בר,1.2684371
2025-05-02,חיות בר,1.1529696
2025-05-03,חיות בר,1.0826503
2025-05-04,חיות בר,1.3842008
2025-05-05,חיות בר,1.2746344
2025-05-06,חיות בר,1.303971
2025-05-07,חיות בר,1.2982471
2025-05-08,חיות בר,1.2684371
2025-05-09,חיות בר,1.1529696
2025-05-10,חיות בר,1.0826503
2025-04-27,חינוך יסודי,1.5319864
2025-04-28,חינוך יסודי,1.4915421
2025-04-29,חינוך יסודי,1.4920439
2025-04-30,חינוך יסודי,1.5285316
2025-05-01,חינוך יסודי,1.4158926
2025-05-02,חינוך יסודי,1.3026638
2025-05-03,חינוך יסודי,1.2055335
2025-05-04,חינוך יסודי,1.4815773
2025-05-05,חינוך יסודי,1.4388524
2025-05-06,חינוך יסודי,1.4287939
2025-05-07,חינוך יסודי,1.47202
2025-05-08,חינוך יסודי,1.4158926
2025-05-09,חינוך יסודי,1.3026638
2025-05-10,חינוך יסודי,1.2055335
2025-04-27,"חכ""ל - בקשות/תלונות",1.3700739
2025-04-28,"חכ""ל - בקשות/תלונות",1.3166386
2025-04-29,"חכ""ל - בקשות/תלונות",1.341291
2025-04-30,"חכ""ל - בקשות/תלונות",1.3557862
2025-05-01,"חכ""ל - בקשות/תלונות",1.2665946
2025-05-02,"חכ""ל - בקשות/תלונות",1.1719346
2025-05-03,"חכ""ל - בקשות/תלונות",1.1006882
2025-05-04,"חכ""ל - בקשות/תלונות",1.3523319
2025-05-05,"חכ""ל - בקשות/תלונות",1.2790495
2025-05-06,"חכ""ל - בקשות/תלונות",1.3012118
2025-05-07,"חכ""ל - בקשות/תלונות",1.310249
2025-05-08,"חכ""ל - בקשות/תלונות",1.2665946
2025-05-09,"חכ""ל - בקשות/תלונות",1.1719346
2025-05-10,"חכ""ל - בקשות/תלונות",1.1006882
2025-04-27,חקלאות,0.87508154
2025-04-28,חקלאות,0.8679149
2025-04-29,חקלאות,0.8871657
2025-04-30,חקלאות,0.8687947
2025-05-01,חקלאות,0.89903414
2025-05-02,חקלאות,0.96607995
2025-05-03,חקלאות,0.98878026
2025-05-04,חקלאות,0.9135244
2025-05-05,חקלאות,0.9006971
2025-05-06,חקלאות,0.9051666
2025-05-07,חקלאות,0.8973745
2025-05-08,חקלאות,0.89903414
2025-05-09,חקלאות,0.96607995
2025-05-10,חקלאות,0.98878026
2025-04-27,חשבונות ארגוני מועצה,1.2087169
2025-04-28,חשבונות ארגוני מועצה,1.1639578
2025-04-29,חשבונות ארגוני מועצה,1.1949595
2025-04-30,חשבונות ארגוני מועצה,1.1919177
2025-05-01,חשבונות ארגוני מועצה,1.1391073
2025-05-02,חשבונות ארגוני מועצה,1.0813434
2025-05-03,חשבונות ארגוני מועצה,1.0380124
2025-05-04,חשבונות ארגוני מועצה,1.2026215
2025-05-05,חשבונות ארגוני מועצה,1.1460407
2025-05-06,חשבונות ארגוני מועצה,1.16432
2025-05-07,חשבונות ארגוני מועצה,1.1640438
2025-05-08,חשבונות ארגוני מועצה,1.1391073
2025-05-09,חשבונות ארגוני מועצה,1.0813434
2025-05-10,חשבונות ארגוני מועצה,1.0380124
2025-04-27,יצירת קשר,1.5055299
2025-04-28,יצירת קשר,1.4363693
2025-04-29,יצירת קשר,1.437587
2025-04-30,יצירת קשר,1.4831338
2025-05-01,יצירת קשר,1.3360167
2025-05-02,יצירת קשר,1.2305524
2025-05-03,יצירת קשר,1.1419443
2025-05-04,יצירת קשר,1.4169296
2025-05-05,יצירת קשר,1.372359
2025-05-06,יצירת קשר,1.354306
2025-05-07,יצירת קשר,1.4050839
2025-05-08,יצירת קשר,1.3360167
2025-05-09,יצירת קשר,1.2305524
2025-05-10,יצירת קשר,1.1419443
2025-04-27,מבנים ארעיים,1.3867418
2025-04-28,מבנים ארעיים,1.3516502
2025-04-29,מבנים ארעיים,1.3630288
2025-04-30,מבנים ארעיים,1.3768222
2025-05-01,מבנים ארעיים,1.2979139
2025-05-02,מבנים ארעיים,1.20873
2025-05-03,מבנים ארעיים,1.1395203
2025-05-04,מבנים ארעיים,1.3671197
2025-05-05,מבנים ארעיים,1.3165176
2025-05-06,מבנים ארעיים,1.3236456
2025-05-07,מבנים ארעיים,1.3380216
2025-05-08,מבנים ארעיים,1.2979139
2025-05-09,מבנים ארעיים,1.20873
2025-05-10,מבנים ארעיים,1.1395203
2025-04-27,מחזור וקיימות,1.4189116
2025-04-28,מחזור וקיימות,1.3260815
2025-04-29,מחזור וקיימות,1.3107884
2025-04-30,מחזור וקיימות,1.3745176
2025-05-01,מחזור וקיימות,1.2163273
2025-05-02,מחזור וקיימות,1.1705712
2025-05-03,מחזור וקיימות,1.1344318
2025-05-04,מחזור וקיימות,1.2919337
2025-05-05,מחזור וקיימות,1.2642362
2025-05-06,מחזור וקיימות,1.2237581
2025-05-07,מחזור וקיימות,1.2801821
2025-05-08,מחזור וקיימות,1.2163273
2025-05-09,מחזור וקיימות,1.1705712
2025-05-10,מחזור וקיימות,1.1344318
2025-04-27,מחלקת גזברות - יצירת קשר,1.3820195
2025-04-28,מחלקת גזברות - יצירת קשר,1.3307393
2025-04-29,מחלקת גזברות - יצירת קשר,1.3463129
2025-04-30,מחלקת גזברות - יצירת קשר,1.3674674
2025-05-01,מחלקת גזברות - יצירת קשר,1.273026
2025-05-02,מחלקת גזברות - יצירת קשר,1.1917272
2025-05-03,מחלקת גזברות - יצירת קשר,1.1186427
2025-05-04,מחלקת גזברות - יצירת קשר,1.35582
2025-05-05,מחלקת גזברות - יצירת קשר,1.2919414
2025-05-06,מחלקת גזברות - יצירת קשר,1.2956268
2025-05-07,מחלקת גזברות - יצירת קשר,1.3146274
2025-05-08,מחלקת גזברות - יצירת קשר,1.273026
2025-05-09,מחלקת גזברות - יצירת קשר,1.1917272
2025-05-10,מחלקת גזברות - יצירת קשר,1.1186427
2025-04-27,מחלקת גני ילדים - יצירת קשר,0.8789853
2025-04-28,מחלקת גני ילדים - יצירת קשר,0.87465644
2025-04-29,מחלקת גני ילדים - יצירת קשר,0.89673215
2025-04-30,מחלקת גני ילדים - יצירת קשר,0.8741734
2025-05-01,מחלקת גני ילדים - יצירת קשר,0.9103455
2025-05-02,מחלקת גני ילדים - יצירת קשר,0.97523797
2025-05-03,מחלקת גני ילדים - יצירת קשר,1.0010622
2025-05-04,מחלקת גני ילדים - יצירת קשר,0.92616653
2025-05-05,מחלקת גני ילדים - יצירת קשר,0.9115734
2025-05-06,מחלקת גני ילדים - יצירת קשר,0.92260855
2025-05-07,מחלקת גני ילדים - יצירת קשר,0.90549755
2025-05-08,מחלקת גני ילדים - יצירת קשר,0.9103455
2025-05-09,מחלקת גני ילדים - יצירת קשר,0.97523785
2025-05-10,מחלקת גני ילדים - יצירת קשר,1.0010622
2025-04-27,מחלקת הכנסות - יצירת קשר,0.89786184
2025-04-28,מחלקת הכנסות - יצירת קשר,0.87945676
2025-04-29,מחלקת הכנסות - יצירת קשר,0.91419256
2025-04-30,מחלקת הכנסות - יצירת קשר,0.88383913
2025-05-01,מחלקת הכנסות - יצירת קשר,0.9243088
2025-05-02,מחלקת הכנסות - יצירת קשר,0.97666574
2025-05-03,מחלקת הכנסות - יצירת קשר,1.0034988
2025-05-04,מחלקת הכנסות - יצירת קשר,0.9464902
2025-05-05,מחלקת הכנסות - יצירת קשר,0.9218279
2025-05-06,מחלקת הכנסות - יצירת קשר,0.941288
2025-05-07,מחלקת הכנסות - יצירת קשר,0.9228424
2025-05-08,מחלקת הכנסות - יצירת קשר,0.9243088
2025-05-09,מחלקת הכנסות - יצירת קשר,0.97666574
2025-05-10,מחלקת הכנסות - יצירת קשר,1.0034988
2025-04-27,מחלקת הנהלת חשבונות - יצירת קשר,1.3275453
2025-04-28,מחלקת הנהלת חשבונות - יצירת קשר,1.2834039
2025-04-29,מחלקת הנהלת חשבונות - יצירת קשר,1.3107352
2025-04-30,מחלקת הנהלת חשבונות - יצירת קשר,1.312654
2025-05-01,מחלקת הנהלת חשבונות - יצירת קשר,1.2550952
2025-05-02,מחלקת הנהלת חשבונות - יצירת קשר,1.1650306
2025-05-03,מחלקת הנהלת חשבונות - יצירת קשר,1.1069282
2025-05-04,מחלקת הנהלת חשבונות - יצירת קשר,1.3312397
2025-05-05,מחלקת הנהלת חשבונות - יצירת קשר,1.2603264
2025-05-06,מחלקת הנהלת חשבונות - יצירת קשר,1.2872405
2025-05-07,מחלקת הנהלת חשבונות - יצירת קשר,1.2932807
2025-05-08,מחלקת הנהלת חשבונות - יצירת קשר,1.2550952
2025-05-09,מחלקת הנהלת חשבונות - יצירת קשר,1.1650306
2025-05-10,מחלקת הנהלת חשבונות - יצירת קשר,1.1069282
2025-04-27,מחלקת חופים - יצירת קשר,1.022089
2025-04-28,מחלקת חופים - יצירת קשר,0.9899493
2025-04-29,מחלקת חופים - יצירת קשר,1.0084969
2025-04-30,מחלקת חופים - יצירת קשר,1.0049781
2025-05-01,מחלקת חופים - יצירת קשר,0.9662496
2025-05-02,מחלקת חופים - יצירת קשר,0.9603908
2025-05-03,מחלקת חופים - יצירת קשר,0.96881115
2025-05-04,מחלקת חופים - יצירת קשר,1.0252216
2025-05-05,מחלקת חופים - יצירת קשר,0.97934854
2025-05-06,מחלקת חופים - יצירת קשר,0.9867455
2025-05-07,מחלקת חופים - יצירת קשר,0.9962294
2025-05-08,מחלקת חופים - יצירת קשר,0.9662496
2025-05-09,מחלקת חופים - יצירת קשר,0.9603908
2025-05-10,מחלקת חופים - יצירת קשר,0.96881115
2025-04-27,מחלקת חינוך - יצירת קשר,1.1179347
2025-04-28,מחלקת חינוך - יצירת קשר,1.1061187
2025-04-29,מחלקת חינוך - יצירת קשר,1.0929391
2025-04-30,מחלקת חינוך - יצירת קשר,1.1164255
2025-05-01,מחלקת חינוך - יצירת קשר,1.0326358
2025-05-02,מחלקת חינוך - יצירת קשר,0.9986576
2025-05-03,מחלקת חינוך - יצירת קשר,0.98030794
2025-05-04,מחלקת חינוך - יצירת קשר,1.0893297
2025-05-05,מחלקת חינוך - יצירת קשר,1.0682132
2025-05-06,מחלקת חינוך - יצירת קשר,1.0383315
2025-05-07,מחלקת חינוך - יצירת קשר,1.076231
2025-05-08,מחלקת חינוך - יצירת קשר,1.0326358
2025-05-09,מחלקת חינוך - יצירת קשר,0.9986576
2025-05-10,מחלקת חינוך - יצירת קשר,0.98030794
2025-04-27,"מחלקת חכ""ל - יצירת קשר",0.90146184
2025-04-28,"מחלקת חכ""ל - יצירת קשר",0.8788732
2025-04-29,"מחלקת חכ""ל - יצירת קשר",0.9010761
2025-04-30,"מחלקת חכ""ל - יצירת קשר",0.8831531
2025-05-01,"מחלקת חכ""ל - יצירת קשר",0.91732717
2025-05-02,"מחלקת חכ""ל - יצירת קשר",0.9506971
2025-05-03,"מחלקת חכ""ל - יצירת קשר",0.97137743
2025-05-04,"מחלקת חכ""ל - יצירת קשר",0.94170463
2025-05-05,"מחלקת חכ""ל - יצירת קשר",0.91425574
2025-05-06,"מחלקת חכ""ל - יצירת קשר",0.92288274
2025-05-07,"מחלקת חכ""ל - יצירת קשר",0.91413444
2025-05-08,"מחלקת חכ""ל - יצירת קשר",0.91732717
2025-05-09,"מחלקת חכ""ל - יצירת קשר",0.9506971
2025-05-10,"מחלקת חכ""ל - יצירת קשר",0.97137773
2025-04-27,מחלקת מים - יצירת קשר,0.90482414
2025-04-28,מחלקת מים - יצירת קשר,0.90498954
2025-04-29,מחלקת מים - יצירת קשר,0.92156804
2025-04-30,מחלקת מים - יצירת קשר,0.897763
2025-05-01,מחלקת מים - יצירת קשר,0.9288207
2025-05-02,מחלקת מים - יצירת קשר,0.99180144
2025-05-03,מחלקת מים - יצירת קשר,1.0163736
2025-05-04,מחלקת מים - יצירת קשר,0.94436026
2025-05-05,מחלקת מים - יצירת קשר,0.9348216
2025-05-06,מחלקת מים - יצירת קשר,0.9368869
2025-05-07,מחלקת מים - יצירת קשר,0.9247677
2025-05-08,מחלקת מים - יצירת קשר,0.9288207
2025-05-09,מחלקת מים - יצירת קשר,0.99180144
2025-05-10,מחלקת מים - יצירת קשר,1.0163736
2025-04-27,מחלקת ספורט - יצירת קשר,0.8667718
2025-04-28,מחלקת ספורט - יצירת קשר,0.8574921
2025-04-29,מחלקת ספורט - יצירת קשר,0.8846041
2025-04-30,מחלקת ספורט - יצירת קשר,0.8641505
2025-05-01,מחלקת ספורט - יצירת קשר,0.8873106
2025-05-02,מחלקת ספורט - יצירת קשר,0.9486592
2025-05-03,מחלקת ספורט - יצירת קשר,0.97569263
2025-05-04,מחלקת ספורט - יצירת קשר,0.905204
2025-05-05,מחלקת ספורט - יצירת קשר,0.8897599
2025-05-06,מחלקת ספורט - יצירת קשר,0.90258276
2025-05-07,מחלקת ספורט - יצירת קשר,0.88900936
2025-05-08,מחלקת ספורט - יצירת קשר,0.8873106
2025-05-09,מחלקת ספורט - יצירת קשר,0.9486592
2025-05-10,מחלקת ספורט - יצירת קשר,0.97569263
2025-04-27,מחלקת פיקוח רב תכליתי - יצירת קשר,0.9974221
2025-04-28,מחלקת פיקוח רב תכליתי - יצירת קשר,1.020098
2025-04-29,מחלקת פיקוח רב תכליתי - יצירת קשר,1.022083
2025-04-30,מחלקת פיקוח רב תכליתי - יצירת קשר,1.01861
2025-05-01,מחלקת פיקוח רב תכליתי - יצירת קשר,0.9833703
2025-05-02,מחלקת פיקוח רב תכליתי - יצירת קשר,1.0044291
2025-05-03,מחלקת פיקוח רב תכליתי - יצירת קשר,0.98140085
2025-05-04,מחלקת פיקוח רב תכליתי - יצירת קשר,1.0261441
2025-05-05,מחלקת פיקוח רב תכליתי - יצירת קשר,1.027489
2025-05-06,מחלקת פיקוח רב תכליתי - יצירת קשר,1.0034275
2025-05-07,מחלקת פיקוח רב תכליתי - יצירת קשר,1.0215122
2025-05-08,מחלקת פיקוח רב תכליתי - יצירת קשר,0.9833703
2025-05-09,מחלקת פיקוח רב תכליתי - יצירת קשר,1.0044291
2025-05-10,מחלקת פיקוח רב תכליתי - יצירת קשר,0.98140085
2025-04-27,מחלקת תברואה - יצירת קשר,1.4385127
2025-04-28,מחלקת תברואה - יצירת קשר,1.4007096
2025-04-29,מחלקת תברואה - יצירת קשר,1.3989887
2025-04-30,מחלקת תברואה - יצירת קשר,1.4347591
2025-05-01,מחלקת תברואה - יצירת קשר,1.2997235
2025-05-02,מחלקת תברואה - יצירת קשר,1.2350924
2025-05-03,מחלקת תברואה - יצירת קשר,1.1756297
2025-05-04,מחלקת תברואה - יצירת קשר,1.3594307
2025-05-05,מחלקת תברואה - יצירת קשר,1.3386797
2025-05-06,מחלקת תברואה - יצירת קשר,1.3157005
2025-05-07,מחלקת תברואה - יצירת קשר,1.357696
2025-05-08,מחלקת תברואה - יצירת קשר,1.2997235
2025-05-09,מחלקת תברואה - יצירת קשר,1.2350924
2025-05-10,מחלקת תברואה - יצירת קשר,1.1756297
2025-04-27,מחלקת תחבורה - יצירת קשר,1.1083119
2025-04-28,מחלקת תחבורה - יצירת קשר,1.0648781
2025-04-29,מחלקת תחבורה - יצירת קשר,1.0957954
2025-04-30,מחלקת תחבורה - יצירת קשר,1.0943995
2025-05-01,מחלקת תחבורה - יצירת קשר,1.0508358
2025-05-02,מחלקת תחבורה - יצירת קשר,0.9909091
2025-05-03,מחלקת תחבורה - יצירת קשר,1.0021137
2025-05-04,מחלקת תחבורה - יצירת קשר,1.132149
2025-05-05,מחלקת תחבורה - יצירת קשר,1.0581584
2025-05-06,מחלקת תחבורה - יצירת קשר,1.0863879
2025-05-07,מחלקת תחבורה - יצירת קשר,1.0857155
2025-05-08,מחלקת תחבורה - יצירת קשר,1.0508358
2025-05-09,מחלקת תחבורה - יצירת קשר,0.9909091
2025-05-10,מחלקת תחבורה - יצירת קשר,1.0021137
2025-04-27,מפגעי גינון בגני ילדים,1.1808481
2025-04-28,מפגעי גינון בגני ילדים,1.1387482
2025-04-29,מפגעי גינון בגני ילדים,1.1550351
2025-04-30,מפגעי גינון בגני ילדים,1.153748
2025-05-01,מפגעי גינון בגני ילדים,1.118671
2025-05-02,מפגעי גינון בגני ילדים,1.0392301
2025-05-03,מפגעי גינון בגני ילדים,1.0019213
2025-05-04,מפגעי גינון בגני ילדים,1.1966343
2025-05-05,מפגעי גינון בגני ילדים,1.1314447
2025-05-06,מפגעי גינון בגני ילדים,1.1440353
2025-05-07,מפגעי גינון בגני ילדים,1.150754
2025-05-08,מפגעי גינון בגני ילדים,1.118671
2025-05-09,מפגעי גינון בגני ילדים,1.0392301
2025-05-10,מפגעי גינון בגני ילדים,1.0019213
2025-04-27,מפגעי נוף,0.9301722
2025-04-28,מפגעי נוף,0.90662086
2025-04-29,מפגעי נוף,0.92502517
2025-04-30,מפגעי נוף,0.9078462
2025-05-01,מפגעי נוף,0.92633826
2025-05-02,מפגעי נוף,0.95858806
2025-05-03,מפגעי נוף,0.97719085
2025-05-04,מפגעי נוף,0.95860445
2025-05-05,מפגעי נוף,0.9306499
2025-05-06,מפגעי נוף,0.93798673
2025-05-07,מפגעי נוף,0.9300843
2025-05-08,מפגעי נוף,0.92633855
2025-05-09,מפגעי נוף,0.9585881
2025-05-10,מפגעי נוף,0.97719085
2025-04-27,מפגעי רעש,1.4940395
2025-04-28,מפגעי רעש,1.4613986
2025-04-29,מפגעי רעש,1.4640617
2025-04-30,מפגעי רעש,1.4975569
2025-05-01,מפגעי רעש,1.3787799
2025-05-02,מפגעי רעש,1.2981541
2025-05-03,מפגעי רעש,1.2173615
2025-05-04,מפגעי רעש,1.4500724
2025-05-05,מפגעי רעש,1.4125857
2025-05-06,מפגעי רעש,1.404227
2025-05-07,מפגעי רעש,1.4401507
2025-05-08,מפגעי רעש,1.3787799
2025-05-09,מפגעי רעש,1.2981541
2025-05-10,מפגעי רעש,1.2173615
2025-04-27,מפגעי שריפה,1.5213623
2025-04-28,מפגעי שריפה,1.4798701
2025-04-29,מפגעי שריפה,1.47538
2025-04-30,מפגעי שריפה,1.5095979
2025-05-01,מפגעי שריפה,1.4010726
2025-05-02,מפגעי שריפה,1.3084583
2025-05-03,מפגעי שריפה,1.2157615
2025-05-04,מפגעי שריפה,1.4778702
2025-05-05,מפגעי שריפה,1.4331052
2025-05-06,מפגעי שריפה,1.4178746
2025-05-07,מפגעי שריפה,1.4516098
2025-05-08,מפגעי שריפה,1.4010726
2025-05-09,מפגעי שריפה,1.3084583
2025-05-10,מפגעי שריפה,1.2157615
2025-04-27,מפגעי תשתיות,1.1021812
2025-04-28,מפגעי תשתיות,1.0610714
2025-04-29,מפגעי תשתיות,1.0831482
2025-04-30,מפגעי תשתיות,1.07075
2025-05-01,מפגעי תשתיות,1.0710161
2025-05-02,מפגעי תשתיות,1.0315543
2025-05-03,מפגעי תשתיות,1.0317621
2025-05-04,מפגעי תשתיות,1.1556331
2025-05-05,מפגעי תשתיות,1.0773506
2025-05-06,מפגעי תשתיות,1.0942621
2025-05-07,מפגעי תשתיות,1.0846827
2025-05-08,מפגעי תשתיות,1.0710161
2025-05-09,מפגעי תשתיות,1.0315543
2025-05-10,מפגעי תשתיות,1.0317621
2025-04-27,מפגעים סביבתיים,1.3567657
2025-04-28,מפגעים סביבתיים,1.2883486
2025-04-29,מפגעים סביבתיים,1.3245127
2025-04-30,מפגעים סביבתיים,1.3312788
2025-05-01,מפגעים סביבתיים,1.2556807
2025-05-02,מפגעים סביבתיים,1.1489607
2025-05-03,מפגעים סביבתיים,1.0769327
2025-05-04,מפגעים סביבתיים,1.3547181
2025-05-05,מפגעים סביבתיים,1.2611688
2025-05-06,מפגעים סביבתיים,1.2999464
2025-05-07,מפגעים סביבתיים,1.2999357
2025-05-08,מפגעים סביבתיים,1.2556807
2025-05-09,מפגעים סביבתיים,1.1489604
2025-05-10,מפגעים סביבתיים,1.0769325
2025-04-27,מרכז מחזור,0.948683
2025-04-28,מרכז מחזור,0.92555594
2025-04-29,מרכז מחזור,0.9542471
2025-04-30,מרכז מחזור,0.9263849
2025-05-01,מרכז מחזור,0.96227276
2025-05-02,מרכז מחזור,1.0079911
2025-05-03,מרכז מחזור,1.0309268
2025-05-04,מרכז מחזור,0.9933405
2025-05-05,מרכז מחזור,0.95837235
2025-05-06,מרכז מחזור,0.9796114
2025-05-07,מרכז מחזור,0.9547427
2025-05-08,מרכז מחזור,0.96227276
2025-05-09,מרכז מחזור,1.0079911
2025-05-10,מרכז מחזור,1.0309268
2025-04-27,מתקני ספורט,0.9077493
2025-04-28,מתקני ספורט,0.8864363
2025-04-29,מתקני ספורט,0.90976244
2025-04-30,מתקני ספורט,0.8927783
2025-05-01,מתקני ספורט,0.9179722
2025-05-02,מתקני ספורט,0.951501
2025-05-03,מתקני ספורט,0.9720415
2025-05-04,מתקני ספורט,0.9454155
2025-05-05,מתקני ספורט,0.9196815
2025-05-06,מתקני ספורט,0.92999244
2025-05-07,מתקני ספורט,0.92259455
2025-05-08,מתקני ספורט,0.9179722
2025-05-09,מתקני ספורט,0.951501
2025-05-10,מתקני ספורט,0.9720415
2025-04-27,נוף ותברואה,1.2841451
2025-04-28,נוף ותברואה,1.2234516
2025-04-29,נוף ותברואה,1.2640635
2025-04-30,נוף ותברואה,1.2661355
2025-05-01,נוף ותברואה,1.1941202
2025-05-02,נוף ותברואה,1.1016185
2025-05-03,נוף ותברואה,1.0412486
2025-05-04,נוף ותברואה,1.2869802
2025-05-05,נוף ותברואה,1.2030826
2025-05-06,נוף ותברואה,1.2384918
2025-05-07,נוף ותברואה,1.2391356
2025-05-08,נוף ותברואה,1.1941202
2025-05-09,נוף ותברואה,1.1016185
2025-05-10,נוף ותברואה,1.0412486
2025-04-27,סוגיות ביוב,1.39804
2025-04-28,סוגיות ביוב,1.3389943
2025-04-29,סוגיות ביוב,1.3522105
2025-04-30,סוגיות ביוב,1.3652034
2025-05-01,סוגיות ביוב,1.3024342
2025-05-02,סוגיות ביוב,1.2000332
2025-05-03,סוגיות ביוב,1.1294415
2025-05-04,סוגיות ביוב,1.3902571
2025-05-05,סוגיות ביוב,1.3126603
2025-05-06,סוגיות ביוב,1.3270783
2025-05-07,סוגיות ביוב,1.3352467
2025-05-08,סוגיות ביוב,1.3024342
2025-05-09,סוגיות ביוב,1.2000332
2025-05-10,סוגיות ביוב,1.1294415
2025-04-27,סוגיות בניה,1.1317592
2025-04-28,סוגיות בניה,1.0828131
2025-04-29,סוגיות בניה,1.099807
2025-04-30,סוגיות בניה,1.1087812
2025-05-01,סוגיות בניה,1.0369915
2025-05-02,סוגיות בניה,0.9724773
2025-05-03,סוגיות בניה,0.9760637
2025-05-04,סוגיות בניה,1.1189283
2025-05-05,סוגיות בניה,1.0568051
2025-05-06,סוגיות בניה,1.0670307
2025-05-07,סוגיות בניה,1.0835116
2025-05-08,סוגיות בניה,1.0369915
2025-05-09,סוגיות בניה,0.9724773
2025-05-10,סוגיות בניה,0.9760636
2025-04-27,סוגיות חניה ודוחות,1.1411121
2025-04-28,סוגיות חניה ודוחות,1.1108607
2025-04-29,סוגיות חניה ודוחות,1.1165279
2025-04-30,סוגיות חניה ודוחות,1.1242766
2025-05-01,סוגיות חניה ודוחות,1.0607038
2025-05-02,סוגיות חניה ודוחות,1.0077144
2025-05-03,סוגיות חניה ודוחות,0.9896958
2025-05-04,סוגיות חניה ודוחות,1.1301129
2025-05-05,סוגיות חניה ודוחות,1.0869596
2025-05-06,סוגיות חניה ודוחות,1.0867293
2025-05-07,סוגיות חניה ודוחות,1.0998521
2025-05-08,סוגיות חניה ודוחות,1.0607038
2025-05-09,סוגיות חניה ודוחות,1.0077144
2025-05-10,סוגיות חניה ודוחות,0.9896958
2025-04-27,סוגיות מים,0.89599615
2025-04-28,סוגיות מים,0.8703249
2025-04-29,סוגיות מים,0.90483993
2025-04-30,סוגיות מים,0.88125974
2025-05-01,סוגיות מים,0.9044731
2025-05-02,סוגיות מים,0.9401727
2025-05-03,סוגיות מים,0.96032536
2025-05-04,סוגיות מים,0.93258834
2025-05-05,סוגיות מים,0.9008733
2025-05-06,סוגיות מים,0.92399716
2025-05-07,סוגיות מים,0.906749
2025-05-08,סוגיות מים,0.9044733
2025-05-09,סוגיות מים,0.9401727
2025-05-10,סוגיות מים,0.96032536
2025-04-27,סוגיות נגישות,0.94400406
2025-04-28,סוגיות נגישות,0.91647077
2025-04-29,סוגיות נגישות,0.94106054
2025-04-30,סוגיות נגישות,0.9232528
2025-05-01,סוגיות נגישות,0.93873227
2025-05-02,סוגיות נגישות,0.96179277
2025-05-03,סוגיות נגישות,0.97379875
2025-05-04,סוגיות נגישות,0.9693388
2025-05-05,סוגיות נגישות,0.93874705
2025-05-06,סוגיות נגישות,0.9521735
2025-05-07,סוגיות נגישות,0.94467956
2025-05-08,סוגיות נגישות,0.93873227
2025-05-09,סוגיות נגישות,0.96179277
2025-05-10,סוגיות נגישות,0.97379875
2025-04-27,סוגיות קרקע,1.3211391
2025-04-28,סוגיות קרקע,1.2768742
2025-04-29,סוגיות קרקע,1.2858243
2025-04-30,סוגיות קרקע,1.2999616
2025-05-01,סוגיות קרקע,1.2167656
2025-05-02,סוגיות קרקע,1.137254
2025-05-03,סוגיות קרקע,1.0741172
2025-05-04,סוגיות קרקע,1.2958741
2025-05-05,סוגיות קרקע,1.2400143
2025-05-06,סוגיות קרקע,1.2401248
2025-05-07,סוגיות קרקע,1.2547491
2025-05-08,סוגיות קרקע,1.2167656
2025-05-09,סוגיות קרקע,1.137254
2025-05-10,סוגיות קרקע,1.0741172
2025-04-27,סוגיות רישוי,1.453043
2025-04-28,סוגיות רישוי,1.4105229
2025-04-29,סוגיות רישוי,1.4103788
2025-04-30,סוגיות רישוי,1.4320476
2025-05-01,סוגיות רישוי,1.3494978
2025-05-02,סוגיות רישוי,1.2493234
2025-05-03,סוגיות רישוי,1.1626141
2025-05-04,סוגיות רישוי,1.4260697
2025-05-05,סוגיות רישוי,1.3639941
2025-05-06,סוגיות רישוי,1.356853
2025-05-07,סוגיות רישוי,1.386447
2025-05-08,סוגיות רישוי,1.3494978
2025-05-09,סוגיות רישוי,1.2493234
2025-05-10,סוגיות רישוי,1.1626141
2025-04-27,סוגיות תחבורה,1.5547931
2025-04-28,סוגיות תחבורה,1.4968121
2025-04-29,סוגיות תחבורה,1.5023139
2025-04-30,סוגיות תחבורה,1.5456537
2025-05-01,סוגיות תחבורה,1.4429606
2025-05-02,סוגיות תחבורה,1.3212044
2025-05-03,סוגיות תחבורה,1.2203473
2025-05-04,סוגיות תחבורה,1.5079259
2025-05-05,סוגיות תחבורה,1.464054
2025-05-06,סוגיות תחבורה,1.4533057
2025-05-07,סוגיות תחבורה,1.5050542
2025-05-08,סוגיות תחבורה,1.4429606
2025-05-09,סוגיות תחבורה,1.3212044
2025-05-10,סוגיות תחבורה,1.2203473
2025-04-27,סוגיות תכנון,1.1409214
2025-04-28,סוגיות תכנון,1.0785769
2025-04-29,סוגיות תכנון,1.1122818
2025-04-30,סוגיות תכנון,1.1026028
2025-05-01,סוגיות תכנון,1.075171
2025-05-02,סוגיות תכנון,1.0013564
2025-05-03,סוגיות תכנון,0.99593145
2025-05-04,סוגיות תכנון,1.1642845
2025-05-05,סוגיות תכנון,1.0743756
2025-05-06,סוגיות תכנון,1.1018364
2025-05-07,סוגיות תכנון,1.098151
2025-05-08,סוגיות תכנון,1.0751705
2025-05-09,סוגיות תכנון,1.0013562
2025-05-10,סוגיות תכנון,0.99593145
2025-04-27,ספורט - בירוקרטיה,1.3956759
2025-04-28,ספורט - בירוקרטיה,1.3387485
2025-04-29,ספורט - בירוקרטיה,1.3987067
2025-04-30,ספורט - בירוקרטיה,1.3803071
2025-05-01,ספורט - בירוקרטיה,1.3636674
2025-05-02,ספורט - בירוקרטיה,1.2601476
2025-05-03,ספורט - בירוקרטיה,1.1955274
2025-05-04,ספורט - בירוקרטיה,1.4495354
2025-05-05,ספורט - בירוקרטיה,1.3500087
2025-05-06,ספורט - בירוקרטיה,1.4127465
2025-05-07,ספורט - בירוקרטיה,1.3840044
2025-05-08,ספורט - בירוקרטיה,1.3636674
2025-05-09,ספורט - בירוקרטיה,1.2601476
2025-05-10,ספורט - בירוקרטיה,1.1955274
2025-04-27,ספורט - תושבים,2.4443169
2025-04-28,ספורט - תושבים,2.077385
2025-04-29,ספורט - תושבים,2.2203135
2025-04-30,ספורט - תושבים,2.3436015
2025-05-01,ספורט - תושבים,1.8843954
2025-05-02,ספורט - תושבים,1.6709137
2025-05-03,ספורט - תושבים,1.5115125
2025-05-04,ספורט - תושבים,2.2442842
2025-05-05,ספורט - תושבים,1.8531996
2025-05-06,ספורט - תושבים,2.0060906
2025-05-07,ספורט - תושבים,2.090029
2025-05-08,ספורט - תושבים,1.8843954
2025-05-09,ספורט - תושבים,1.6709137
2025-05-10,ספורט - תושבים,1.5115125
2025-04-27,עדכון פרטים,1.4096919
2025-04-28,עדכון פרטים,1.3755566
2025-04-29,עדכון פרטים,1.3956275
2025-04-30,עדכון פרטים,1.4100978
2025-05-01,עדכון פרטים,1.3423301
2025-05-02,עדכון פרטים,1.2860807
2025-05-03,עדכון פרטים,1.2219934
2025-05-04,עדכון פרטים,1.3879334
2025-05-05,עדכון פרטים,1.3491056
2025-05-06,עדכון פרטים,1.356575
2025-05-07,עדכון פרטים,1.372993
2025-05-08,עדכון פרטים,1.3423301
2025-05-09,עדכון פרטים,1.2860807
2025-05-10,עדכון פרטים,1.2219934
2025-04-27,עזרה לציבור,1.4181225
2025-04-28,עזרה לציבור,1.3757261
2025-04-29,עזרה לציבור,1.3724105
2025-04-30,עזרה לציבור,1.4067247
2025-05-01,עזרה לציבור,1.3102175
2025-05-02,עזרה לציבור,1.2432511
2025-05-03,עזרה לציבור,1.1939926
2025-05-04,עזרה לציבור,1.3795425
2025-05-05,עזרה לציבור,1.3428056
2025-05-06,עזרה לציבור,1.3238553
2025-05-07,עזרה לציבור,1.369997
2025-05-08,עזרה לציבור,1.3102175
2025-05-09,עזרה לציבור,1.2432511
2025-05-10,עזרה לציבור,1.1939927
2025-04-27,ענייני קהילה,1.3671379
2025-04-28,ענייני קהילה,1.3337824
2025-04-29,ענייני קהילה,1.3407738
2025-04-30,ענייני קהילה,1.3640118
2025-05-01,ענייני קהילה,1.2835585
2025-05-02,ענייני קהילה,1.2160462
2025-05-03,ענייני קהילה,1.1610229
2025-05-04,ענייני קהילה,1.3490779
2025-05-05,ענייני קהילה,1.3046488
2025-05-06,ענייני קהילה,1.300093
2025-05-07,ענייני קהילה,1.3221945
2025-05-08,ענייני קהילה,1.2835585
2025-05-09,ענייני קהילה,1.2160462
2025-05-10,ענייני קהילה,1.1610229
2025-04-27,פארק תעשיות כללי,1.3671379
2025-04-28,פארק תעשיות כללי,1.3337824
2025-04-29,פארק תעשיות כללי,1.3407738
2025-04-30,פארק תעשיות כללי,1.3640118
2025-05-01,פארק תעשיות כללי,1.2835585
2025-05-02,פארק תעשיות כללי,1.2160462
2025-05-03,פארק תעשיות כללי,1.1610229
2025-05-04,פארק תעשיות כללי,1.3490779
2025-05-05,פארק תעשיות כללי,1.3046488
2025-05-06,פארק תעשיות כללי,1.300093
2025-05-07,פארק תעשיות כללי,1.3221945
2025-05-08,פארק תעשיות כללי,1.2835585
2025-05-09,פארק תעשיות כללי,1.2160462
2025-05-10,פארק תעשיות כללי,1.1610229
2025-04-27,פארקים,1.3671379
2025-04-28,פארקים,1.3337824
2025-04-29,פארקים,1.3407738
2025-04-30,פארקים,1.3640118
2025-05-01,פארקים,1.2835585
2025-05-02,פארקים,1.2160462
2025-05-03,פארקים,1.1610229
2025-05-04,פארקים,1.3490779
2025-05-05,פארקים,1.3046488
2025-05-06,פארקים,1.300093
2025-05-07,פארקים,1.3221945
2025-05-08,פארקים,1.2835585
2025-05-09,פארקים,1.2160462
2025-05-10,פארקים,1.1610229
2025-04-27,פגרי ציפורים,1.3671379
2025-04-28,פגרי ציפורים,1.3337824
2025-04-29,פגרי ציפורים,1.3407738
2025-04-30,פגרי ציפורים,1.3640118
2025-05-01,פגרי ציפורים,1.2835585
2025-05-02,פגרי ציפורים,1.2160462
2025-05-03,פגרי ציפורים,1.1610229
2025-05-04,פגרי ציפורים,1.3490779
2025-05-05,פגרי ציפורים,1.3046488
2025-05-06,פגרי ציפורים,1.300093
2025-05-07,פגרי ציפורים,1.3221945
2025-05-08,פגרי ציפורים,1.2835585
2025-05-09,פגרי ציפורים,1.2160462
2025-05-10,פגרי ציפורים,1.1610229
2025-04-27,פינוי נייר,1.3671379
2025-04-28,פינוי נייר,1.3337824
2025-04-29,פינוי נייר,1.3407738
2025-04-30,פינוי נייר,1.3640118
2025-05-01,פינוי נייר,1.2835585
2025-05-02,פינוי נייר,1.2160462
2025-05-03,פינוי נייר,1.1610229
2025-05-04,פינוי נייר,1.3490777
2025-05-05,פינוי נייר,1.3046488
2025-05-06,פינוי נייר,1.300093
2025-05-07,פינוי נייר,1.3221945
2025-05-08,פינוי נייר,1.2835585
2025-05-09,פינוי נייר,1.2160462
2025-05-10,פינוי נייר,1.1610229
2025-04-27,פיקוח רב תכליתי - סדר ציבורי,1.3671379
2025-04-28,פיקוח רב תכליתי - סדר ציבורי,1.3337824
2025-04-29,פיקוח רב תכליתי - סדר ציבורי,1.3407738
2025-04-30,פיקוח רב תכליתי - סדר ציבורי,1.3640118
2025-05-01,פיקוח רב תכליתי - סדר ציבורי,1.2835585
2025-05-02,פיקוח רב תכליתי - סדר ציבורי,1.2160462
2025-05-03,פיקוח רב תכליתי - סדר ציבורי,1.1610229
2025-05-04,פיקוח רב תכליתי - סדר ציבורי,1.3490779
2025-05-05,פיקוח רב תכליתי - סדר ציבורי,1.3046488
2025-05-06,פיקוח רב תכליתי - סדר ציבורי,1.300093
2025-05-07,פיקוח רב תכליתי - סדר ציבורי,1.3221945
2025-05-08,פיקוח רב תכליתי - סדר ציבורי,1.2835585
2025-05-09,פיקוח רב תכליתי - סדר ציבורי,1.2160462
2025-05-10,פיקוח רב תכליתי - סדר ציבורי,1.1610229
2025-04-27,פיקוח רב תכליתי - פניות ציבור כללי,1.3671379
2025-04-28,פיקוח רב תכליתי - פניות ציבור כללי,1.3337824
2025-04-29,פיקוח רב תכליתי - פניות ציבור כללי,1.3407738
2025-04-30,פיקוח רב תכליתי - פניות ציבור כללי,1.3640118
2025-05-01,פיקוח רב תכליתי - פניות ציבור כללי,1.2835585
2025-05-02,פיקוח רב תכליתי - פניות ציבור כללי,1.2160462
2025-05-03,פיקוח רב תכליתי - פניות ציבור כללי,1.1610229
2025-05-04,פיקוח רב תכליתי - פניות ציבור כללי,1.3490779
2025-05-05,פיקוח רב תכליתי - פניות ציבור כללי,1.3046488
2025-05-06,פיקוח רב תכליתי - פניות ציבור כללי,1.300093
2025-05-07,פיקוח רב תכליתי - פניות ציבור כללי,1.3221943
2025-05-08,פיקוח רב תכליתי - פניות ציבור כללי,1.2835586
2025-05-09,פיקוח רב תכליתי - פניות ציבור כללי,1.2160462
2025-05-10,פיקוח רב תכליתי - פניות ציבור כללי,1.1610229
2025-04-27,פסולת,1.3671379
2025-04-28,פסולת,1.3337824
2025-04-29,פסולת,1.3407738
2025-04-30,פסולת,1.3640118
2025-05-01,פסולת,1.2835585
2025-05-02,פסולת,1.2160462
2025-05-03,פסולת,1.1610229
2025-05-04,פסולת,1.3490779
2025-05-05,פסולת,1.3046488
2025-05-06,פסולת,1.300093
2025-05-07,פסולת,1.3221945
2025-05-08,פסולת,1.2835585
2025-05-09,פסולת,1.2160462
2025-05-10,פסולת,1.1610229
2025-04-27,פעוטונים,1.3671379
2025-04-28,פעוטונים,1.3337824
2025-04-29,פעוטונים,1.3407738
2025-04-30,פעוטונים,1.3640118
2025-05-01,פעוטונים,1.2835585
2025-05-02,פעוטונים,1.2160462
2025-05-03,פעוטונים,1.1610229
2025-05-04,פעוטונים,1.3490779
2025-05-05,פעוטונים,1.3046488
2025-05-06,פעוטונים,1.300093
2025-05-07,פעוטונים,1.3221945
2025-05-08,פעוטונים,1.2835585
2025-05-09,פעוטונים,1.2160462
2025-05-10,פעוטונים,1.1610229
2025-04-27,פעיליות ספורט,1.3671378
2025-04-28,פעיליות ספורט,1.3337823
2025-04-29,פעיליות ספורט,1.3407738
2025-04-30,פעיליות ספורט,1.3640118
2025-05-01,פעיליות ספורט,1.2835585
2025-05-02,פעיליות ספורט,1.2160462
2025-05-03,פעיליות ספורט,1.1610229
2025-05-04,פעיליות ספורט,1.3490779
2025-05-05,פעיליות ספורט,1.3046488
2025-05-06,פעיליות ספורט,1.300093
2025-05-07,פעיליות ספורט,1.3221945
2025-05-08,פעיליות ספורט,1.2835585
2025-05-09,פעיליות ספורט,1.2160462
2025-05-10,פעיליות ספורט,1.1610229
2025-04-27,רישוי עסקים,1.3671379
2025-04-28,רישוי עסקים,1.3337824
2025-04-29,רישוי עסקים,1.3407738
2025-04-30,רישוי עסקים,1.3640118
2025-05-01,רישוי עסקים,1.2835585
2025-05-02,רישוי עסקים,1.2160462
2025-05-03,רישוי עסקים,1.1610229
2025-05-04,רישוי עסקים,1.3490779
2025-05-05,רישוי עסקים,1.3046488
2025-05-06,רישוי עסקים,1.300093
2025-05-07,רישוי עסקים,1.3221945
2025-05-08,רישוי עסקים,1.2835585
2025-05-09,רישוי עסקים,1.2160462
2025-05-10,רישוי עסקים,1.1610229
2025-04-27,שאלות\בירורים,1.3671379
2025-04-28,שאלות\בירורים,1.3337824
2025-04-29,שאלות\בירורים,1.3407738
2025-04-30,שאלות\בירורים,1.3640118
2025-05-01,שאלות\בירורים,1.2835586
2025-05-02,שאלות\בירורים,1.2160463
2025-05-03,שאלות\בירורים,1.1610229
2025-05-04,שאלות\בירורים,1.3490779
2025-05-05,שאלות\בירורים,1.3046488
2025-05-06,שאלות\בירורים,1.300093
2025-05-07,שאלות\בירורים,1.3221945
2025-05-08,שאלות\בירורים,1.2835585
2025-05-09,שאלות\בירורים,1.2160462
2025-05-10,שאלות\בירורים,1.1610229
2025-04-27,תגבור פחים,1.3671379
2025-04-28,תגבור פחים,1.3337824
2025-04-29,תגבור פחים,1.3407738
2025-04-30,תגבור פחים,1.3640118
2025-05-01,תגבור פחים,1.2835585
2025-05-02,תגבור פחים,1.2160462
2025-05-03,תגבור פחים,1.1610229
2025-05-04,תגבור פחים,1.3490779
2025-05-05,תגבור פחים,1.3046488
2025-05-06,תגבור פחים,1.300093
2025-05-07,תגבור פחים,1.3221945
2025-05-08,תגבור פחים,1.2835585
2025-05-09,תגבור פחים,1.2160462
2025-05-10,תגבור פחים,1.1610229
2025-04-27,תושבים,1.3671379
2025-04-28,תושבים,1.3337824
2025-04-29,תושבים,1.3407738
2025-04-30,תושבים,1.3640118
2025-05-01,תושבים,1.2835585
2025-05-02,תושבים,1.2160462
2025-05-03,תושבים,1.1610229
2025-05-04,תושבים,1.3490779
2025-05-05,תושבים,1.304649
2025-05-06,תושבים,1.3000929
2025-05-07,תושבים,1.3221945
2025-05-08,תושבים,1.2835585
2025-05-09,תושבים,1.2160462
2025-05-10,תושבים,1.1610229
2025-04-27,תחבורה ציבורית,1.3671379
2025-04-28,תחבורה ציבורית,1.3337824
2025-04-29,תחבורה ציבורית,1.3407738
2025-04-30,תחבורה ציבורית,1.3640118
2025-05-01,תחבורה ציבורית,1.2835585
2025-05-02,תחבורה ציבורית,1.2160462
2025-05-03,תחבורה ציבורית,1.1610229
2025-05-04,תחבורה ציבורית,1.3490779
2025-05-05,תחבורה ציבורית,1.3046488
2025-05-06,תחבורה ציבורית,1.300093
2025-05-07,תחבורה ציבורית,1.3221945
2025-05-08,תחבורה ציבורית,1.2835585
2025-05-09,תחבורה ציבורית,1.2160462
2025-05-10,תחבורה ציבורית,1.1610229
2025-04-27,תלונות / בקשות כללי,1.3671379
2025-04-28,תלונות / בקשות כללי,1.3337824
2025-04-29,תלונות / בקשות כללי,1.3407738
2025-04-30,תלונות / בקשות כללי,1.3640118
2025-05-01,תלונות / בקשות כללי,1.2835585
2025-05-02,תלונות / בקשות כללי,1.2160462
2025-05-03,תלונות / בקשות כללי,1.1610229
2025-05-04,תלונות / בקשות כללי,1.3490779
2025-05-05,תלונות / בקשות כללי,1.3046488
2025-05-06,תלונות / בקשות כללי,1.300093
2025-05-07,תלונות / בקשות כללי,1.3221945
2025-05-08,תלונות / בקשות כללי,1.2835585
2025-05-09,תלונות / בקשות כללי,1.2160463
2025-05-10,תלונות / בקשות כללי,1.1610229
2025-04-27,תלונות- בקשות/כללי,1.3671379
2025-04-28,תלונות- בקשות/כללי,1.3337824
2025-04-29,תלונות- בקשות/כללי,1.3407738
2025-04-30,תלונות- בקשות/כללי,1.3640118
2025-05-01,תלונות- בקשות/כללי,1.2835585
2025-05-02,תלונות- בקשות/כללי,1.2160462
2025-05-03,תלונות- בקשות/כללי,1.1610229
2025-05-04,תלונות- בקשות/כללי,1.3490779
2025-05-05,תלונות- בקשות/כללי,1.3046488
2025-05-06,תלונות- בקשות/כללי,1.300093
2025-05-07,תלונות- בקשות/כללי,1.3221945
2025-05-08,תלונות- בקשות/כללי,1.2835585
2025-05-09,תלונות- בקשות/כללי,1.2160462
2025-05-10,תלונות- בקשות/כללי,1.1610229
2025-04-27,תלונות/בקשות כללי,1.3671379
2025-04-28,תלונות/בקשות כללי,1.3337824
2025-04-29,תלונות/בקשות כללי,1.3407738
2025-04-30,תלונות/בקשות כללי,1.3640118
2025-05-01,תלונות/בקשות כללי,1.2835585
2025-05-02,תלונות/בקשות כללי,1.2160462
2025-05-03,תלונות/בקשות כללי,1.1610229
2025-05-04,תלונות/בקשות כללי,1.3490779
2025-05-05,תלונות/בקשות כללי,1.3046488
2025-05-06,תלונות/בקשות כללי,1.300093
2025-05-07,תלונות/בקשות כללי,1.3221945
2025-05-08,תלונות/בקשות כללי,1.2835585
2025-05-09,תלונות/בקשות כללי,1.2160462
2025-05-10,תלונות/בקשות כללי,1.1610229
2025-04-27,תשלומים למועצה:,1.3671379
2025-04-28,תשלומים למועצה:,1.3337824
2025-04-29,תשלומים למועצה:,1.3407738
2025-04-30,תשלומים למועצה:,1.3640118
2025-05-01,תשלומים למועצה:,1.2835585
2025-05-02,תשלומים למועצה:,1.2160462
2025-05-03,תשלומים למועצה:,1.1610229
2025-05-04,תשלומים למועצה:,1.3490779
2025-05-05,תשלומים למועצה:,1.3046488
2025-05-06,תשלומים למועצה:,1.300093
2025-05-07,תשלומים למועצה:,1.3221945
2025-05-08,תשלומים למועצה:,1.2835585
2025-05-09,תשלומים למועצה:,1.2160462
2025-05-10,תשלומים למועצה:,1.1610229
2025-04-27,תשתיות ומבני ציבורי - יצירת קשר,1.3671379
2025-04-28,תשתיות ומבני ציבורי - יצירת קשר,1.3337824
2025-04-29,תשתיות ומבני ציבורי - יצירת קשר,1.3407738
2025-04-30,תשתיות ומבני ציבורי - יצירת קשר,1.3640118
2025-05-01,תשתיות ומבני ציבורי - יצירת קשר,1.2835585
2025-05-02,תשתיות ומבני ציבורי - יצירת קשר,1.2160462
2025-05-03,תשתיות ומבני ציבורי - יצירת קשר,1.1610229
2025-05-04,תשתיות ומבני ציבורי - יצירת קשר,1.3490779
2025-05-05,תשתיות ומבני ציבורי - יצירת קשר,1.3046488
2025-05-06,תשתיות ומבני ציבורי - יצירת קשר,1.300093
2025-05-07,תשתיות ומבני ציבורי - יצירת קשר,1.3221945
2025-05-08,תשתיות ומבני ציבורי - יצירת קשר,1.2835585
2025-05-09,תשתיות ומבני ציבורי - יצירת קשר,1.2160462
2025-05-10,תשתיות ומבני ציבורי - יצירת קשר,1.1610229
